selection1_name,selection1_url
Vol 19 no 3,https://ipo.lukasiewicz.gov.pl/wydawnictwa/cejem-woluminy/vol-19-no-3/?lang=en
Vol 19 no 2,https://ipo.lukasiewicz.gov.pl/wydawnictwa/cejem-ang-vol/vol-19-no-2-2/?lang=en
Vol 19 No 1,https://ipo.lukasiewicz.gov.pl/wydawnictwa/cejem-ang-vol/vol-19-no-1/?lang=en
Vol 18 No 4,https://ipo.lukasiewicz.gov.pl/wydawnictwa/cejem-ang-vol/vol-18-no-4-2/?lang=en
Vol 18 No 3,https://ipo.lukasiewicz.gov.pl/wydawnictwa/cejem-ang-vol/vol-18-no-3/?lang=en
Vol 18 No 2,https://ipo.lukasiewicz.gov.pl/wydawnictwa/cejem-ang-vol/vol-18-no-2/?lang=en
Vol 18 No 1,https://ipo.lukasiewicz.gov.pl/wydawnictwa/cejem-ang-vol/vol-18-no-1/?lang=en
Vol 17 Nr 4,https://ipo.lukasiewicz.gov.pl/wydawnictwa/cejem-ang-vol/vol-17-nr-4/?lang=en
Vol 17 Nr 3,https://ipo.lukasiewicz.gov.pl/wydawnictwa/cejem-ang-vol/vol-17-nr-3/?lang=en
Vol 17 Nr 2,https://ipo.lukasiewicz.gov.pl/wydawnictwa/cejem-ang-vol/vol-17-nr-2/?lang=en
Vol 17 Nr 1,https://ipo.lukasiewicz.gov.pl/wydawnictwa/cejem-ang-vol/vol-17-nr-1/?lang=en
Vol 16 Nr 4,https://ipo.lukasiewicz.gov.pl/wydawnictwa/cejem-ang-vol/vol-16-nr-4/?lang=en
Vol 16 Nr 3,https://ipo.lukasiewicz.gov.pl/wydawnictwa/cejem-ang-vol/vol-16-nr-3/?lang=en
Vol 16 Nr 2,https://ipo.lukasiewicz.gov.pl/wydawnictwa/cejem-ang-vol/vol-16-nr-2/?lang=en
Vol 16 Nr 1,https://ipo.lukasiewicz.gov.pl/wydawnictwa/cejem-ang-vol/vol-16-nr-1/?lang=en
Vol 15 Nr 4,https://ipo.lukasiewicz.gov.pl/wydawnictwa/cejem-ang-vol/vol-15-nr-4/?lang=en
Vol 15 Nr 3,https://ipo.lukasiewicz.gov.pl/wydawnictwa/cejem-ang-vol/vol-15-nr-3/?lang=en
Vol 15 Nr 2,https://ipo.lukasiewicz.gov.pl/wydawnictwa/cejem-ang-vol/vol-15-nr-2/?lang=en
Vol 15 Nr 1,https://ipo.lukasiewicz.gov.pl/wydawnictwa/cejem-ang-vol/vol-15-nr-1/?lang=en
Vol 14 Nr 4,https://ipo.lukasiewicz.gov.pl/wydawnictwa/cejem-ang-vol/vol-14-nr-4/?lang=en
Vol 14 Nr 3,https://ipo.lukasiewicz.gov.pl/wydawnictwa/cejem-ang-vol/vol-14-nr-3/?lang=en
Vol 14 Nr 2,https://ipo.lukasiewicz.gov.pl/wydawnictwa/cejem-ang-vol/vol-14-nr-2/?lang=en
Vol 14 Nr 1,https://ipo.lukasiewicz.gov.pl/wydawnictwa/cejem-ang-vol/vol-14-nr-1/?lang=en
Vol 13 Nr 4,https://ipo.lukasiewicz.gov.pl/wydawnictwa/cejem-ang-vol/vol-13-nr-4/?lang=en
Vol 13 Nr 3,https://ipo.lukasiewicz.gov.pl/wydawnictwa/cejem-ang-vol/vol-13-nr-3/?lang=en
Vol 13 Nr 2,https://ipo.lukasiewicz.gov.pl/wydawnictwa/cejem-ang-vol/vol-13-nr-2/?lang=en
Vol 13 Nr 1,https://ipo.lukasiewicz.gov.pl/wydawnictwa/cejem-ang-vol/vol-13-nr-1/?lang=en
Vol 12 Nr 4,https://ipo.lukasiewicz.gov.pl/wydawnictwa/cejem-ang-vol/vol-12-nr-4/?lang=en
Vol 12 Nr 3,https://ipo.lukasiewicz.gov.pl/wydawnictwa/cejem-ang-vol/vol-12-nr-3/?lang=en
Vol 12 Nr 2,https://ipo.lukasiewicz.gov.pl/wydawnictwa/cejem-ang-vol/vol-12-nr-2/?lang=en
Vol 12 Nr 1,https://ipo.lukasiewicz.gov.pl/wydawnictwa/cejem-ang-vol/vol-12-nr-1/?lang=en
Vol 11 Nr 4,https://ipo.lukasiewicz.gov.pl/wydawnictwa/cejem-ang-vol/vol-11-nr-4/?lang=en
Vol 11 Nr 3,https://ipo.lukasiewicz.gov.pl/wydawnictwa/cejem-ang-vol/vol-11-nr-3/?lang=en
Vol 11 Nr 2,https://ipo.lukasiewicz.gov.pl/wydawnictwa/cejem-ang-vol/vol-11-nr-2/?lang=en
Vol 11 Nr 1,https://ipo.lukasiewicz.gov.pl/wydawnictwa/cejem-ang-vol/vol-11-nr-1/?lang=en
Vol 10 Nr 4,https://ipo.lukasiewicz.gov.pl/wydawnictwa/cejem-ang-vol/vol-10-nr-4/?lang=en
Vol 10 Nr 3,https://ipo.lukasiewicz.gov.pl/wydawnictwa/cejem-ang-vol/vol-10-nr-3/?lang=en
Vol 10 Nr 2,https://ipo.lukasiewicz.gov.pl/wydawnictwa/cejem-ang-vol/vol-10-nr-2/?lang=en
Vol 10 Nr 1,https://ipo.lukasiewicz.gov.pl/wydawnictwa/cejem-ang-vol/vol-10-nr-1/?lang=en
Vol 9 Nr 4,https://ipo.lukasiewicz.gov.pl/wydawnictwa/cejem-ang-vol/vol-9-nr-4/?lang=en
Vol 9 Nr 3,https://ipo.lukasiewicz.gov.pl/wydawnictwa/cejem-ang-vol/vol-9-nr-3/?lang=en
Vol 9 Nr 2,https://ipo.lukasiewicz.gov.pl/wydawnictwa/cejem-ang-vol/vol-9-nr-2/?lang=en
Vol 9 Nr 1,https://ipo.lukasiewicz.gov.pl/wydawnictwa/cejem-ang-vol/vol-9-nr-1/?lang=en
Vol 8 Nr 4,https://ipo.lukasiewicz.gov.pl/wydawnictwa/cejem-ang-vol/vol-8-nr-4/?lang=en
Vol 8 Nr 3,https://ipo.lukasiewicz.gov.pl/wydawnictwa/cejem-ang-vol/vol-8-nr-3/?lang=en
Vol 8 Nr 2,https://ipo.lukasiewicz.gov.pl/wydawnictwa/cejem-ang-vol/vol-8-nr-2/?lang=en
Vol 8 Nr 1,https://ipo.lukasiewicz.gov.pl/wydawnictwa/cejem-ang-vol/vol-8-nr-1/?lang=en
Vol 7 Nr 4,https://ipo.lukasiewicz.gov.pl/wydawnictwa/cejem-ang-vol/vol-7-nr-4/?lang=en
Vol 7 Nr 3,https://ipo.lukasiewicz.gov.pl/wydawnictwa/cejem-ang-vol/vol-7-nr-3/?lang=en
Vol 7 Nr 2,https://ipo.lukasiewicz.gov.pl/wydawnictwa/cejem-ang-vol/vol-7-nr-2/?lang=en
Vol 7 Nr 1,https://ipo.lukasiewicz.gov.pl/wydawnictwa/cejem-ang-vol/vol-7-nr-1/?lang=en
Vol 6 Nr 2,https://ipo.lukasiewicz.gov.pl/wydawnictwa/cejem-ang-vol/vol-6-nr-2/?lang=en
Vol 6 Nr 1,https://ipo.lukasiewicz.gov.pl/wydawnictwa/cejem-ang-vol/vol-6-nr-1/?lang=en
"Vol 6 Nr 3,4",https://ipo.lukasiewicz.gov.pl/wydawnictwa/cejem-ang-vol/vol-6-nr-34/?lang=en
"Vol 5 Nr 3,4",https://ipo.lukasiewicz.gov.pl/wydawnictwa/cejem-ang-vol/vol-5-nr-34/?lang=en
Vol 5 Nr 2,https://ipo.lukasiewicz.gov.pl/wydawnictwa/cejem-ang-vol/vol-5-nr-2/?lang=en
Vol 5 Nr 1,https://ipo.lukasiewicz.gov.pl/wydawnictwa/cejem-ang-vol/vol-5-nr-1/?lang=en
Vol 4 Nr 4,https://ipo.lukasiewicz.gov.pl/wydawnictwa/cejem-ang-vol/vol-4-nr-4/?lang=en
Vol 4 Nr 3,https://ipo.lukasiewicz.gov.pl/wydawnictwa/cejem-ang-vol/vol-4-nr-3/?lang=en
"Vol 4 Nr 1,2",https://ipo.lukasiewicz.gov.pl/wydawnictwa/cejem-ang-vol/vol-4-nr-12/?lang=en
Vol 3 Nr 4,https://ipo.lukasiewicz.gov.pl/wydawnictwa/cejem-ang-vol/vol-3-nr-4/?lang=en
Vol 3 Nr 3,https://ipo.lukasiewicz.gov.pl/wydawnictwa/cejem-ang-vol/vol-3-nr-3/?lang=en
"Vol 3 Nr 1,2",https://ipo.lukasiewicz.gov.pl/wydawnictwa/cejem-ang-vol/vol-3-nr-12/?lang=en
Vol 2 No 4,https://ipo.lukasiewicz.gov.pl/wydawnictwa/cejem-ang-vol/vol-2-no-4/?lang=en
Vol 2 No 3,https://ipo.lukasiewicz.gov.pl/wydawnictwa/cejem-ang-vol/vol-2-no-3/?lang=en
Vol 2 No 2,https://ipo.lukasiewicz.gov.pl/wydawnictwa/cejem-ang-vol/vol-2-no-2/?lang=en
Vol 2 No 1,https://ipo.lukasiewicz.gov.pl/wydawnictwa/cejem-ang-vol/vol-2-no-1/?lang=en
Vol 1 No 1,https://ipo.lukasiewicz.gov.pl/wydawnictwa/cejem-ang-vol/vol-1-no-1/?lang=en
